"xwalk_uc","MUNI.USE_CODE","MUNI.USE_CODE_fix","MUNI.USE_CODE_underlying","MUNI.USE_DESC","mu.flag","td.mu.flag","muni_name","uk.flag","other","char_count","dls.dupes","matched","initial.use_type","STD.USE_CODE","STD.USE_DESC","od_uc","td_uc"
"303","0303","303","303","ACC COM LD",FALSE,FALSE,"Marion",FALSE,FALSE,10,FALSE,1,"mixed","303",NA,"3","0"
"34R","034R","34R","34R","OFFICE BLD M01",FALSE,FALSE,"Marion",FALSE,FALSE,14,FALSE,1,"mixed","34R",NA,"3","4"
"34I","034I","34I","34I","OFFICE BLD  MDL-96",FALSE,FALSE,"Chelsea",FALSE,FALSE,18,FALSE,1,"mixed","34I",NA,"3","4"
"34R","034R","34R","34R","OFFICE BLD  MDL-01",FALSE,FALSE,"Chelsea",FALSE,FALSE,18,FALSE,1,"mixed","34R",NA,"3","4"
"31R","031R","31R","31R","AUTO S S&S",FALSE,FALSE,"Palmer",FALSE,FALSE,10,FALSE,1,"mixed","31R",NA,"3","1"
"34R","034R","34R","34R","GAS ST SRV",FALSE,FALSE,"Palmer",FALSE,FALSE,10,FALSE,1,"mixed","34R",NA,"3","4"
"471","0471","471","471","Industrial",FALSE,FALSE,"Westborough",FALSE,FALSE,10,FALSE,1,"mixed","471",NA,"4","7"
"417","0417","417","417","Quarry & Vacant buildable lot",FALSE,FALSE,"Goshen",FALSE,FALSE,29,FALSE,1,"mixed","417",NA,"4","1"
"31I","031I","31I","31I","LUMBER YRD MDL C",FALSE,FALSE,"Middleborough",FALSE,FALSE,16,FALSE,1,"mixed","31I",NA,"3","1"
"34I","034I","34I","34I","OFFICE MDL-96 C",FALSE,FALSE,"Middleborough",FALSE,FALSE,15,FALSE,1,"mixed","34I",NA,"3","4"
"34R","034R","34R","34R","OFFICE MDL-01 C",FALSE,FALSE,"Middleborough",FALSE,FALSE,15,FALSE,1,"mixed","34R",NA,"3","4"
"34V","034V","34V","34V","OFFICE MDL-00 C",FALSE,FALSE,"Middleborough",FALSE,FALSE,15,FALSE,1,"mixed","34V",NA,"3","4"
"133","0133","133","133","TWO FAM MDL-94",FALSE,FALSE,"Middleborough",FALSE,FALSE,14,FALSE,1,"mixed","133",NA,"1","3"
"319","0319","319","319","COMM WHSE MDL-00",FALSE,FALSE,"Middleborough",FALSE,FALSE,16,FALSE,1,"mixed","319",NA,"3","1"
"343","0343","343","343","OFFICE BLD MDL-01",FALSE,FALSE,"Middleborough",FALSE,FALSE,17,FALSE,1,"mixed","343",NA,"3","4"
"34R","034R","34R","34R","OFFICE BLD M-01",FALSE,FALSE,"Rehoboth",FALSE,FALSE,15,FALSE,1,"mixed","34R",NA,"3","4"
"38R","038R","38R","38R","GOLF CRSE M-01",FALSE,FALSE,"Rehoboth",FALSE,FALSE,14,FALSE,1,"mixed","38R",NA,"3","8"
"38V","038V","38V","38V","OTHR OUTDR M-00",FALSE,FALSE,"Rehoboth",FALSE,FALSE,15,FALSE,1,"mixed","38V",NA,"3","8"
"136","0136","136","136","PRED RES",FALSE,FALSE,"Wrentham",FALSE,FALSE,8,FALSE,1,"mixed","136",NA,"1","3"
"181","0181","181","181","PRED RES 800 V",FALSE,FALSE,"Wrentham",FALSE,FALSE,14,FALSE,1,"mixed","181",NA,"1","8"
"182","0182","182","182","PRED RES 800 C",FALSE,FALSE,"Wrentham",FALSE,FALSE,14,FALSE,1,"mixed","182",NA,"1","8"
"319","0319","319","319","PRED COMM R",FALSE,FALSE,"Wrentham",FALSE,FALSE,11,FALSE,1,"mixed","319",NA,"3","1"
"13V","013V","13V","13V","IMPUTED - VACANT LAND -DEV",FALSE,FALSE,"Petersham",FALSE,FALSE,26,FALSE,1,"mixed","13V",NA,"1","3"
"173","0173","173","173","Residence, Chapter 61A, Farm Building",FALSE,FALSE,"Northfield",FALSE,FALSE,37,FALSE,1,"mixed","173",NA,"1","7"
"31V","031V","31V","31V","WHS MDL00",FALSE,FALSE,"North Attleborough",FALSE,FALSE,9,FALSE,1,"mixed","31V",NA,"3","1"
"176","0176","176","176","Residence, Chapter 61 Agriculture, Chapter 61 Forest",FALSE,FALSE,"Northfield",FALSE,FALSE,52,FALSE,1,"mixed","176",NA,"1","7"
"171","0171","171","171","RES ACLNDV",FALSE,FALSE,"Gloucester",FALSE,FALSE,10,FALSE,1,"mixed","171",NA,"1","7"
"181","0181","181","181","61B-TWO FAM
61B-TWO FAM
",FALSE,FALSE,"Gloucester",FALSE,FALSE,26,FALSE,1,"mixed","181",NA,"1","8"
"182","0182","182","182","61B-RES ACLNUD",FALSE,FALSE,"Gloucester",FALSE,FALSE,14,FALSE,1,"mixed","182",NA,"1","8"
"303","0303","303","303","STUDIO",FALSE,FALSE,"Newburyport",FALSE,FALSE,6,FALSE,1,"mixed","303",NA,"3","0"
"34I","034I","34I","34I","OFFICE BLDG MDL -96",FALSE,FALSE,"Hanover",FALSE,FALSE,19,FALSE,1,"mixed","34I",NA,"3","4"
"613","0613","613","613","Chapter Land",FALSE,FALSE,"Uxbridge",FALSE,FALSE,12,FALSE,1,"mixed","613",NA,"6","1"
"178","0178","178","178","Chapter Land",FALSE,FALSE,"Uxbridge",FALSE,FALSE,12,FALSE,1,"mixed","178",NA,"1","7"
"34R","034R","34R","34R","OFFICE BLD M01",FALSE,FALSE,"Millbury",FALSE,FALSE,14,FALSE,1,"mixed","34R",NA,"3","4"
"34B","034B","34B","34B","PROF BLDG MDL-01",FALSE,FALSE,"Easton",FALSE,FALSE,16,FALSE,1,"mixed","34B",NA,"3","4"
"34R","034R","34R","34R","OFFICE BLD MDL-01",FALSE,FALSE,"Easton",FALSE,FALSE,17,FALSE,1,"mixed","34R",NA,"3","4"
"71R","071R","71R","71R","TR CRP VEG MDL-01",FALSE,FALSE,"Easton",FALSE,FALSE,17,FALSE,1,"mixed","71R",NA,"7","1"
"133","0133","133","133","MULTIUSE-RES-COM",FALSE,FALSE,"Cambridge",FALSE,FALSE,16,FALSE,1,"mixed","133",NA,"1","3"
"31V","031V","31V","31V","COM/RES",FALSE,FALSE,"Ludlow",FALSE,FALSE,7,FALSE,1,"mixed","31V",NA,"3","1"
"34V","034V","34V","34V","COM/IND",FALSE,FALSE,"Ludlow",FALSE,FALSE,7,FALSE,1,"mixed","34V",NA,"3","4"
"38C","038C","38C","38C","Campground MDL",FALSE,FALSE,"Otis",FALSE,FALSE,14,FALSE,1,"mixed","38C",NA,"3","8"
"319","0319","319","319","Prim Comm R",FALSE,FALSE,"Otis",FALSE,FALSE,11,FALSE,1,"mixed","319",NA,"3","1"
"34C","034C","34C","34C","Office Bld Mdl-94",FALSE,FALSE,"Otis",FALSE,FALSE,17,FALSE,1,"mixed","34C",NA,"3","4"
"187","0187","187","187","Residential, Agricultural",FALSE,FALSE,"Lanesborough",FALSE,FALSE,25,FALSE,1,"mixed","187",NA,"1","8"
"137","0137","137","137","RES/COM/61A",FALSE,FALSE,"Franklin",FALSE,FALSE,11,FALSE,1,"mixed","137",NA,"1","3"
"138","0138","138","138","RES/COM/61B",FALSE,FALSE,"Franklin",FALSE,FALSE,11,FALSE,1,"mixed","138",NA,"1","3"
"173","0173","173","173","RES/61A/COM",FALSE,FALSE,"Franklin",FALSE,FALSE,11,FALSE,1,"mixed","173",NA,"1","7"
"187","0187","187","187","RES/61B/61A",FALSE,FALSE,"Franklin",FALSE,FALSE,11,FALSE,1,"mixed","187",NA,"1","8"
"837","0837","837","837","61B/COM/61A",FALSE,FALSE,"Franklin",FALSE,FALSE,11,FALSE,1,"mixed","837",NA,"8","3"
"873","0873","873","873","61B/61A/COM",FALSE,FALSE,"Franklin",FALSE,FALSE,11,FALSE,1,"mixed","873",NA,"8","7"
"137","0137","137","137","Residential/Commercial/61A",FALSE,FALSE,"Sherborn",FALSE,FALSE,26,FALSE,1,"mixed","137",NA,"1","3"
"138","0138","138","138","Residential/Commercial/61B",FALSE,FALSE,"Sherborn",FALSE,FALSE,26,FALSE,1,"mixed","138",NA,"1","3"
"167","0167","167","167","Residential/chapter 61/chapter 61A",FALSE,FALSE,"Sherborn",FALSE,FALSE,34,FALSE,1,"mixed","167",NA,"1","6"
"31I","031I","31I","31I","LUMBER YRD MDL C",FALSE,FALSE,"Chelmsford",FALSE,FALSE,16,FALSE,1,"mixed","31I",NA,"3","1"
"783","0783","783","783","Chapter 61A/chapter 61B/Commercial",FALSE,FALSE,"Sherborn",FALSE,FALSE,34,FALSE,1,"mixed","783",NA,"7","8"
"176","0176","176","176","residential/agricultural/forestry",FALSE,FALSE,"Sherborn",FALSE,FALSE,33,FALSE,1,"mixed","176",NA,"1","7"
"187","0187","187","187","residential/recreational/agricultural",FALSE,FALSE,"Sherborn",FALSE,FALSE,37,FALSE,1,"mixed","187",NA,"1","8"
"178","0178","178","178","Residential/chapter 61A/chapter 61B",FALSE,FALSE,"Sherborn",FALSE,FALSE,35,FALSE,1,"mixed","178",NA,"1","7"
"34I","034I","34I","34I","OFFICE MDL-96 C",FALSE,FALSE,"Chelmsford",FALSE,FALSE,15,FALSE,1,"mixed","34I",NA,"3","4"
"34R","034R","34R","34R","OFFICE MDL-01 C",FALSE,FALSE,"Chelmsford",FALSE,FALSE,15,FALSE,1,"mixed","34R",NA,"3","4"
"34V","034V","34V","34V","OFFICE MDL-00 C",FALSE,FALSE,"Chelmsford",FALSE,FALSE,15,FALSE,1,"mixed","34V",NA,"3","4"
"345","0345","345","345","Office Building",FALSE,FALSE,"Truro",FALSE,FALSE,15,FALSE,1,"mixed","345",NA,"3","4"
"873","0873","873","873","Misc",FALSE,FALSE,"Saugus",FALSE,FALSE,4,FALSE,1,"mixed","873",NA,"8","7"
"34R","034R","34R","34R","Office Bld MDL - 01",FALSE,FALSE,"Attleboro",FALSE,FALSE,19,FALSE,1,"mixed","34R",NA,"3","4"
"34R","034R","34R","34R","Office Building MDL-01",FALSE,FALSE,"Sharon",FALSE,FALSE,22,FALSE,1,"mixed","34R",NA,"3","4"
"31I","031I","31I","31I","COM GRN HS  MDL-96",FALSE,FALSE,"Sharon",FALSE,FALSE,18,FALSE,1,"mixed","31I",NA,"3","1"
"137","0137","137","137","Res/Com/Agr",FALSE,FALSE,"Agawam",FALSE,FALSE,11,FALSE,1,"mixed","137",NA,"1","3"
"71C","071C","71C","71C","FRM/RES",FALSE,FALSE,"Agawam",FALSE,FALSE,7,FALSE,1,"mixed","71C",NA,"7","1"
"71R","071R","71R","71R","FRM/RES",FALSE,FALSE,"Agawam",FALSE,FALSE,7,FALSE,1,"mixed","71R",NA,"7","1"
"81R","081R","81R","81R","REC/RES",FALSE,FALSE,"Agawam",FALSE,FALSE,7,FALSE,1,"mixed","81R",NA,"8","1"
"13H","013H","13H","13H","RES PART MU",FALSE,FALSE,"Barnstable",FALSE,FALSE,11,FALSE,1,"mixed","13H",NA,"1","3"
"31L","031L","31L","31L","COMM WHSE M96",FALSE,FALSE,"Barnstable",FALSE,FALSE,13,FALSE,1,"mixed","31L",NA,"3","1"
"38C","038C","38C","38C","GOLF CRSE MDL",FALSE,FALSE,"Boylston",FALSE,FALSE,13,FALSE,1,"mixed","38C",NA,"3","8"
"38I","038I","38I","38I","GOLF CRSE MDL",FALSE,FALSE,"Boylston",FALSE,FALSE,13,FALSE,1,"mixed","38I",NA,"3","8"
"31I","031I","31I","31I","Prime Commercial",FALSE,FALSE,"Boylston",FALSE,FALSE,16,FALSE,1,"mixed","31I",NA,"3","1"
"173","0173","173","173","Residential/61A/Commercial",FALSE,FALSE,"Sudbury",FALSE,FALSE,26,FALSE,1,"mixed","173",NA,"1","7"
"137","0137","137","137","Residential/Commercial/61A
Residential/Commercial/61A
",FALSE,FALSE,"Sudbury",FALSE,FALSE,56,FALSE,1,"mixed","137",NA,"1","3"
"147","0147","147","147","Combo 101,717 & 452 (1 fam, 61A & solar)",FALSE,FALSE,"Warren",FALSE,FALSE,40,FALSE,1,"mixed","147",NA,"1","4"
"187","0187","187","187","Combo 101, 803, 716 & 718 (1Fam, 61B, & 61A)",FALSE,FALSE,"Warren",FALSE,FALSE,44,FALSE,1,"mixed","187",NA,"1","8"
"343","0343","343","343","IMPUTED - Office Condo",FALSE,FALSE,"Edgartown",FALSE,FALSE,22,FALSE,1,"mixed","343",NA,"3","4"
"146","0146","146","146","101 Single Family, 601 Forest Land & 431 Cell Tower",FALSE,FALSE,"Belchertown",FALSE,FALSE,51,FALSE,1,"mixed","146",NA,"1","4"
"134","0134","134","134","MULTI",FALSE,FALSE,"Dennis",FALSE,FALSE,5,FALSE,1,"mixed","134",NA,"1","3"
"34R","034R","34R","34R","Mansard-Apts",FALSE,FALSE,"Somerville",FALSE,FALSE,12,FALSE,1,"mixed","34R",NA,"3","4"
"343","0343","343","343","COMM CONDO",FALSE,FALSE,"Dedham",FALSE,FALSE,10,FALSE,1,"mixed","343",NA,"3","4"
"13V","013V","13V","13V","vacant land",FALSE,FALSE,"Monson",FALSE,FALSE,11,FALSE,1,"mixed","13V",NA,"1","3"
"137","0137","137","137","Combination of 104 - two family; 713 - Hay/Grain; 716 - Tillable",FALSE,FALSE,"Essex",FALSE,FALSE,64,FALSE,1,"mixed","137",NA,"1","3"
"147","0147","147","147","Combination of 101 - single family; 433 -  R/TV TW; 717 - Prdwood",FALSE,FALSE,"Essex",FALSE,FALSE,65,FALSE,1,"mixed","147",NA,"1","4"
"176","0176","176","176","Combination of  109 - multi houses; 713 - Hay/Grain; 601 - Chapter Land 61 10yr",FALSE,FALSE,"Essex",FALSE,FALSE,79,FALSE,1,"mixed","176",NA,"1","7"
"178","0178","178","178","Combination of 101 - single family; 720 - Nonprod; 713 - Hay/Grain; 712 - Vegetable; 803 - 61B Natural",FALSE,FALSE,"Essex",FALSE,FALSE,102,FALSE,1,"mixed","178",NA,"1","7"
"183","0183","183","183","Combination of 101 - single family; 805 - 61B Golf; 380 - Golf",FALSE,FALSE,"Essex",FALSE,FALSE,62,FALSE,1,"mixed","183",NA,"1","8"
"187","0187","187","187","Combination of 101 - single family; 713  - Hay/Grain; 720 Nonprod; 803 - 61B Natural",FALSE,FALSE,"Essex",FALSE,FALSE,84,FALSE,1,"mixed","187",NA,"1","8"
"738","0738","738","738","Combination of 713 - Hay/Grain; 720 - Nonprod; 803 - 61B Natural; 393 - Agricult",FALSE,FALSE,"Essex",FALSE,FALSE,80,FALSE,1,"mixed","738",NA,"7","3"
"34R","034R","34R","34R","Office Building MDL",FALSE,FALSE,"Mansfield",FALSE,FALSE,19,FALSE,1,"mixed","34R",NA,"3","4"
"34R","034R","34R","34R","OFFICE BLD M-01",FALSE,FALSE,"Walpole",FALSE,FALSE,15,FALSE,1,"mixed","34R",NA,"3","4"
"135","0135","135","135","Conservation Res M01",FALSE,FALSE,"Nantucket",FALSE,FALSE,20,FALSE,1,"mixed","135",NA,"1","3"
"136","0136","136","136","Conservation Res M00",FALSE,FALSE,"Nantucket",FALSE,FALSE,20,FALSE,1,"mixed","136",NA,"1","3"
"31I","031I","31I","31I","Mommercial Warehouse M96",FALSE,FALSE,"Nantucket",FALSE,FALSE,24,FALSE,1,"mixed","31I",NA,"3","1"
"31J","031J","31J","31J","Commercial Greenhouse M94",FALSE,FALSE,"Nantucket",FALSE,FALSE,25,FALSE,1,"mixed","31J",NA,"3","1"
"31V","031V","31V","31V","Commercial Warehouse M00",FALSE,FALSE,"Nantucket",FALSE,FALSE,24,FALSE,1,"mixed","31V",NA,"3","1"
"31Z","031Z","31Z","31Z","Commercial Greenhouse M96",FALSE,FALSE,"Nantucket",FALSE,FALSE,25,FALSE,1,"mixed","31Z",NA,"3","1"
"343","0343","343","343","Laundromat",FALSE,FALSE,"Nantucket",FALSE,FALSE,10,FALSE,1,"mixed","343",NA,"3","4"
"34R","034R","34R","34R","Office Building M01",FALSE,FALSE,"Nantucket",FALSE,FALSE,19,FALSE,1,"mixed","34R",NA,"3","4"
"37I","037I","37I","37I","Tennis Club M96",FALSE,FALSE,"Nantucket",FALSE,FALSE,15,FALSE,1,"mixed","37I",NA,"3","7"
"13C","013C","13C","13C","Apartment GD",FALSE,FALSE,"Westfield",FALSE,FALSE,12,FALSE,1,"mixed","13C",NA,"1","3"
"31B","031B","31B","31B","Family Conver.",FALSE,FALSE,"Westfield",FALSE,FALSE,14,FALSE,1,"mixed","31B",NA,"3","1"
"31C","031C","31C","31C","Light Indust",FALSE,FALSE,"Westfield",FALSE,FALSE,12,FALSE,1,"mixed","31C",NA,"3","1"
"31M","031M","31M","31M","Conventional",FALSE,FALSE,"Westfield",FALSE,FALSE,12,FALSE,1,"mixed","31M",NA,"3","1"
"31R","031R","31R","31R","Conventional",FALSE,FALSE,"Westfield",FALSE,FALSE,12,FALSE,1,"mixed","31R",NA,"3","1"
"31V","031V","31V","31V","FARM BLDGS MDL-00",FALSE,FALSE,"Westfield",FALSE,FALSE,17,FALSE,1,"mixed","31V",NA,"3","1"
"34R","034R","34R","34R","Cape Cod",FALSE,FALSE,"Westfield",FALSE,FALSE,8,FALSE,1,"mixed","34R",NA,"3","4"
"40C","040C","40C","40C","Light Indust",FALSE,FALSE,"Westfield",FALSE,FALSE,12,FALSE,1,"mixed","40C",NA,"4","0"
"137","0137","137","137","Single-Family Res./Chapter Land",FALSE,FALSE,"West Bridgewater",FALSE,FALSE,31,FALSE,1,"mixed","137",NA,"1","3"
"138","0138","138","138","Single-Family Res./Commercial/61B Chapter Land",FALSE,FALSE,"West Bridgewater",FALSE,FALSE,46,FALSE,1,"mixed","138",NA,"1","3"
"137","0137","137","137","Residential/Chapter 61A/Small Business",FALSE,FALSE,"Plainfield",FALSE,FALSE,38,FALSE,1,"mixed","137",NA,"1","3"
"167","0167","167","167","Residential/Chapter 61/Chapter 61A",FALSE,FALSE,"Plainfield",FALSE,FALSE,34,FALSE,1,"mixed","167",NA,"1","6"
"173","0173","173","173","Residential/Chapter 61A/Small Business",FALSE,FALSE,"Plainfield",FALSE,FALSE,38,FALSE,1,"mixed","173",NA,"1","7"
"174","0174","174","174","Residential/Chapter 61A/Renting 2ac to Eversource",FALSE,FALSE,"Plainfield",FALSE,FALSE,49,FALSE,1,"mixed","174",NA,"1","7"
"167","0167","167","167","101 & chapter land code",FALSE,FALSE,"Ipswich",FALSE,FALSE,23,FALSE,1,"mixed","167",NA,"1","6"
"176","0176","176","176","101 & chapter land code",FALSE,FALSE,"Ipswich",FALSE,FALSE,23,FALSE,1,"mixed","176",NA,"1","7"
"183","0183","183","183","101 & chapter land code",FALSE,FALSE,"Ipswich",FALSE,FALSE,23,FALSE,1,"mixed","183",NA,"1","8"
"187","0187","187","187","101 & chapter land code",FALSE,FALSE,"Ipswich",FALSE,FALSE,23,FALSE,1,"mixed","187",NA,"1","8"
"171","0171","171","171","CH61A Two Family",FALSE,FALSE,"Rowley",FALSE,FALSE,16,FALSE,1,"mixed","171",NA,"1","7"
"172","0172","172","172","CH61A Outbuilding",FALSE,FALSE,"Rowley",FALSE,FALSE,17,FALSE,1,"mixed","172",NA,"1","7"
"34R","034R","34R","34R","Res Complex",FALSE,FALSE,"Georgetown",FALSE,FALSE,11,FALSE,1,"mixed","34R",NA,"3","4"
"31I","031I","31I","31I","COMM WHSE M96",FALSE,FALSE,"Taunton",FALSE,FALSE,13,FALSE,1,"mixed","31I",NA,"3","1"
"34R","034R","34R","34R","PROF BLDG M01",FALSE,FALSE,"Taunton",FALSE,FALSE,13,FALSE,1,"mixed","34R",NA,"3","4"
"137","0137","137","137","Residential, Commercial",FALSE,FALSE,"Townsend",FALSE,FALSE,23,FALSE,1,"mixed","137",NA,"1","3"
"176","0176","176","176","Residential",FALSE,FALSE,"Townsend",FALSE,FALSE,11,FALSE,1,"mixed","176",NA,"1","7"
"137","0137","137","137","Store",FALSE,FALSE,"Newbury",FALSE,FALSE,5,FALSE,1,"mixed","137",NA,"1","3"
"33S","033S","33S","BLANK","Service Shop M95",FALSE,FALSE,"Swansea",FALSE,FALSE,16,FALSE,0,"mixed","33S",NA,"3","3"
"11C","011C","11C","BLANK","APT 4-UNIT  MDL-94",FALSE,FALSE,"Concord",FALSE,FALSE,18,FALSE,0,"mixed","11C",NA,"1","1"
"011","0111","0111","111","Four to Eight Unit Apartment with Commercial",FALSE,TRUE,"Concord",FALSE,FALSE,44,FALSE,0,"mixed","011",NA,"0","1"
"011","0112","0112","112","More than Eight Units Apartment with Commercial",FALSE,TRUE,"Concord",FALSE,FALSE,47,FALSE,0,"mixed","011",NA,"0","1"
"10C","010C","10C","BLANK","TWO FAM M94",FALSE,FALSE,"Marion",FALSE,FALSE,11,FALSE,0,"mixed","10C",NA,"1","0"
"32I","032I","32I","BLANK","RETAIL <10K M96",FALSE,FALSE,"Marion",FALSE,FALSE,15,FALSE,0,"mixed","32I",NA,"3","2"
"32R","032R","32R","BLANK","RETAIL <10K M01",FALSE,FALSE,"Marion",FALSE,FALSE,15,FALSE,0,"mixed","32R",NA,"3","2"
"32V","032V","32V","BLANK","RETAIL <10K M00",FALSE,FALSE,"Marion",FALSE,FALSE,15,FALSE,0,"mixed","32V",NA,"3","2"
"33R","033R","33R","BLANK","AUTO REPAIR M01",FALSE,FALSE,"Marion",FALSE,FALSE,15,FALSE,0,"mixed","33R",NA,"3","3"
"722","0722","722","BLANK","NONPRWETLD",FALSE,FALSE,"Marion",FALSE,FALSE,10,FALSE,0,"mixed","722",NA,"7","2"
"800","0800","800","BLANK","RECREATION",FALSE,FALSE,"Marion",FALSE,FALSE,10,FALSE,0,"mixed","800",NA,"8","0"
"909","0909","909","BLANK","RELIGIOUS",FALSE,FALSE,"Marion",FALSE,FALSE,9,FALSE,0,"mixed","909",NA,"9","0"
"10C","010C","10C","BLANK","Single Fam  MDL-94",FALSE,FALSE,"Chelsea",FALSE,FALSE,18,FALSE,0,"mixed","10C",NA,"1","0"
"10J","010J","10J","BLANK","TWO FAMILY  MDL-94",FALSE,FALSE,"Chelsea",FALSE,FALSE,18,FALSE,0,"mixed","10J",NA,"1","0"
"10L","010L","10L","BLANK","TWO FAMILY  MDL-96",FALSE,FALSE,"Chelsea",FALSE,FALSE,18,FALSE,0,"mixed","10L",NA,"1","0"
"11C","011C","11C","BLANK","APT 4-UNIT  MDL-94",FALSE,FALSE,"Chelsea",FALSE,FALSE,18,FALSE,0,"mixed","11C",NA,"1","1"
"32I","032I","32I","BLANK","STORE/SHOP  MDL-96",FALSE,FALSE,"Chelsea",FALSE,FALSE,18,FALSE,0,"mixed","32I",NA,"3","2"
"32L","032L","32L","BLANK","REST/CLUBS  MDL-96",FALSE,FALSE,"Chelsea",FALSE,FALSE,18,FALSE,0,"mixed","32L",NA,"3","2"
"32R","032R","32R","BLANK","STORE/SHOP  MDL-01",FALSE,FALSE,"Chelsea",FALSE,FALSE,18,FALSE,0,"mixed","32R",NA,"3","2"
"35I","035I","35I","BLANK","FUNERAL HM  MDL-96",FALSE,FALSE,"Chelsea",FALSE,FALSE,18,FALSE,0,"mixed","35I",NA,"3","5"
"011","0111","0111","111","Apartments with Four to Eight Units",FALSE,TRUE,"Groton",FALSE,FALSE,35,FALSE,0,"mixed","011",NA,"0","1"
"800","0800","800","BLANK","IMPUTED - Recreation",FALSE,FALSE,"Groton",FALSE,FALSE,20,FALSE,0,"mixed","800",NA,"8","0"
"39","039","39","BLANK","Junkyard",FALSE,FALSE,"Northborough",FALSE,FALSE,8,FALSE,0,"mixed","39",NA,"3","9"
"033","0330","0330","330","Automotive Vehicles Sales and Service",FALSE,TRUE,"Palmer",FALSE,FALSE,37,FALSE,0,"mixed","033",NA,"0","3"
"32I","032I","32I","BLANK","STORE/SHOP MDL - 96",FALSE,FALSE,"Palmer",FALSE,FALSE,19,FALSE,0,"mixed","32I",NA,"3","2"
"93","093","93","BLANK","Hospital",FALSE,FALSE,"Danvers",FALSE,FALSE,8,FALSE,0,"mixed","93",NA,"9","3"
"91","091","91","BLANK","IMPUTED - Excempt, Residential",FALSE,FALSE,"West Stockbridge",FALSE,FALSE,30,FALSE,0,"mixed","91",NA,"9","1"
"011","0112","0112","112","Apartments with More than Eight Units",FALSE,TRUE,"Marlborough",FALSE,FALSE,37,FALSE,0,"mixed","011",NA,"0","1"
"wha","007","what the hell is going on here?","07","Mixed Use",TRUE,FALSE,"Bedford",FALSE,FALSE,9,FALSE,0,"mixed","wha",NA,"w","h"
"93","093","93","BLANK","Vacant, Selectmen or City Council (Municipal) - Tax Title",FALSE,FALSE,"Tyngsborough",FALSE,FALSE,57,FALSE,0,"mixed","93",NA,"9","3"
"10V","010V","10V","BLANK","IMPUTED - Residential",FALSE,FALSE,"Hadley",FALSE,FALSE,21,FALSE,0,"mixed","10V",NA,"1","0"
"10V","010V","10V","BLANK","SINGLE FAM MDL R",FALSE,FALSE,"Middleborough",FALSE,FALSE,16,FALSE,0,"mixed","10V",NA,"1","0"
"32A","032A","32A","BLANK","RESTAURANT MDL C",FALSE,FALSE,"Middleborough",FALSE,FALSE,16,FALSE,0,"mixed","32A",NA,"3","2"
"32V","032V","32V","BLANK","STORE/SHOP MDL C",FALSE,FALSE,"Middleborough",FALSE,FALSE,16,FALSE,0,"mixed","32V",NA,"3","2"
"35I","035I","35I","BLANK","FUNERAL HM MDL C",FALSE,FALSE,"Middleborough",FALSE,FALSE,16,FALSE,0,"mixed","35I",NA,"3","5"
"107","0107","107","BLANK","SINGLE FAM RETREAT",FALSE,FALSE,"Middleborough",FALSE,FALSE,18,FALSE,0,"mixed","107",NA,"1","0"
"108","0108","108","BLANK","Single Fam MDL-94",FALSE,FALSE,"Middleborough",FALSE,FALSE,17,FALSE,0,"mixed","108",NA,"1","0"
"327","0327","327","BLANK","STORE/SHOP MDL-01",FALSE,FALSE,"Middleborough",FALSE,FALSE,17,FALSE,0,"mixed","327",NA,"3","2"
"329","0329","329","BLANK","STORE/SHOP MDL-96",FALSE,FALSE,"Middleborough",FALSE,FALSE,17,FALSE,0,"mixed","329",NA,"3","2"
"395","0395","395","BLANK","M/U DEV LAND MDL-00",FALSE,FALSE,"Middleborough",FALSE,FALSE,19,FALSE,0,"mixed","395",NA,"3","9"
"110","0110","110","BLANK","APT 4-8 RES",FALSE,FALSE,"Middleborough",FALSE,FALSE,11,FALSE,0,"mixed","110",NA,"1","1"
"722","0722","722","BLANK","NONPRWETLD",FALSE,FALSE,"Newburyport",FALSE,FALSE,10,FALSE,0,"mixed","722",NA,"7","2"
"800","0800","800","BLANK","RECREATION",FALSE,FALSE,"Newburyport",FALSE,FALSE,10,FALSE,0,"mixed","800",NA,"8","0"
"909","0909","909","BLANK","RELIGIOUS",FALSE,FALSE,"Newburyport",FALSE,FALSE,9,FALSE,0,"mixed","909",NA,"9","0"
"490","0490","490","BLANK","PARTIALLY TAXABLE",FALSE,FALSE,"Worcester",FALSE,FALSE,17,FALSE,0,"mixed","490",NA,"4","9"
"011","0113","0113","113","Apt 9 Units and Up C",FALSE,TRUE,"Lowell",FALSE,FALSE,20,FALSE,0,"mixed","011",NA,"0","1"
"722","0722","722","BLANK","NONPRWETLD",FALSE,FALSE,"Rehoboth",FALSE,FALSE,10,FALSE,0,"mixed","722",NA,"7","2"
"49","049","49","BLANK","Industrial, Exempt",FALSE,FALSE,"North Adams",FALSE,FALSE,18,FALSE,0,"mixed","49",NA,"4","9"
"91","091","91","BLANK","Exepmpt, Residential",FALSE,FALSE,"North Adams",FALSE,FALSE,20,FALSE,0,"mixed","91",NA,"9","1"
"93","093","93","BLANK","Exempt, Commercial",FALSE,FALSE,"North Adams",FALSE,FALSE,18,FALSE,0,"mixed","93",NA,"9","3"
"11C","011C","11C","BLANK","APT 4-UNIT  MDL-94",FALSE,FALSE,"Lowell",FALSE,FALSE,18,FALSE,0,"mixed","11C",NA,"1","1"
"011","0111","0111","111","Apartments with Four to Eight Units",FALSE,TRUE,"Lowell",FALSE,FALSE,35,FALSE,0,"mixed","011",NA,"0","1"
"011","0112","0112","112","Apartments with More than Eight Units",FALSE,TRUE,"Lowell",FALSE,FALSE,37,FALSE,0,"mixed","011",NA,"0","1"
"32R","032R","32R","BLANK","STORE/SHP M-01",FALSE,FALSE,"Northbridge",FALSE,FALSE,14,FALSE,0,"mixed","32R",NA,"3","2"
"35R","035R","35R","BLANK","FUNERAL HM M-01",FALSE,FALSE,"Northbridge",FALSE,FALSE,15,FALSE,0,"mixed","35R",NA,"3","5"
"32I","032I","32I","BLANK","MURETMDL96",FALSE,FALSE,"North Attleborough",FALSE,FALSE,10,FALSE,0,"mixed","32I",NA,"3","2"
"32L","032L","32L","BLANK","STORE/SHOP  MDL-96",FALSE,FALSE,"North Attleborough",FALSE,FALSE,18,FALSE,0,"mixed","32L",NA,"3","2"
"32R","032R","32R","BLANK","MURETMDL01",FALSE,FALSE,"North Attleborough",FALSE,FALSE,10,FALSE,0,"mixed","32R",NA,"3","2"
"10C","010C","10C","BLANK","SINGLE FAM MDL-94",FALSE,FALSE,"Gloucester",FALSE,FALSE,17,FALSE,0,"mixed","10C",NA,"1","0"
"10J","010J","10J","BLANK","TWO FAMILY MDL-94",FALSE,FALSE,"Gloucester",FALSE,FALSE,17,FALSE,0,"mixed","10J",NA,"1","0"
"10C","010C","10C","BLANK","Single Fam  MDL-94",FALSE,FALSE,"Newburyport",FALSE,FALSE,18,FALSE,0,"mixed","10C",NA,"1","0"
"10J","010J","10J","BLANK","Two Family  MDL-94",FALSE,FALSE,"Newburyport",FALSE,FALSE,18,FALSE,0,"mixed","10J",NA,"1","0"
"10Z","010Z","10Z","BLANK","THREE FAM  MDL-94",FALSE,FALSE,"Newburyport",FALSE,FALSE,17,FALSE,0,"mixed","10Z",NA,"1","0"
"91","091","91","BLANK","Office Building",FALSE,FALSE,"Waltham",FALSE,FALSE,15,FALSE,0,"mixed","91",NA,"9","1"
"93","093","93","BLANK","EXM-COMM - HOSPITAL",FALSE,FALSE,"Waltham",FALSE,FALSE,19,FALSE,0,"mixed","93",NA,"9","3"
"800","0800","800","BLANK","Recreational",FALSE,FALSE,"Southwick",FALSE,FALSE,12,FALSE,0,"mixed","800",NA,"8","0"
"12","012","12","BLANK","Residential/Open SP",FALSE,FALSE,"Andover",FALSE,FALSE,19,FALSE,0,"mixed","12",NA,"1","2"
"42","042","42","BLANK","Ind/Open SP",FALSE,FALSE,"Andover",FALSE,FALSE,11,FALSE,0,"mixed","42",NA,"4","2"
"91","091","91","BLANK","Residential/Exempt",FALSE,FALSE,"Andover",FALSE,FALSE,18,FALSE,0,"mixed","91",NA,"9","1"
"93","093","93","BLANK","Commercial/Exempt",FALSE,FALSE,"Andover",FALSE,FALSE,17,FALSE,0,"mixed","93",NA,"9","3"
"033","0338","0338","338","IMPUTED - Other Motor Vehicles Sales and Services",FALSE,TRUE,"Holland",TRUE,TRUE,49,FALSE,0,"mixed","033",NA,"0","3"
"32R","032R","32R","BLANK","STORE/SHOP M01",FALSE,FALSE,"Millbury",FALSE,FALSE,14,FALSE,0,"mixed","32R",NA,"3","2"
"11M","011M","11M","BLANK","APT 4-8 MDL-03",FALSE,FALSE,"Easton",FALSE,FALSE,14,FALSE,0,"mixed","11M",NA,"1","1"
"32R","032R","32R","BLANK","STORE/SHOP MDL-01",FALSE,FALSE,"Easton",FALSE,FALSE,17,FALSE,0,"mixed","32R",NA,"3","2"
"35R","035R","35R","BLANK","FUNERAL HM MDL-01",FALSE,FALSE,"Easton",FALSE,FALSE,17,FALSE,0,"mixed","35R",NA,"3","5"
"32I","032I","32I","BLANK","STORE/SHOP MDL-96",FALSE,FALSE,"Easton",FALSE,FALSE,17,FALSE,0,"mixed","32I",NA,"3","2"
"93","093","93","BLANK","Housing, Oth",FALSE,FALSE,"Charlton",FALSE,FALSE,12,FALSE,0,"mixed","93",NA,"9","3"
"94","094","94","BLANK","Elementary Level (Educational Private)",FALSE,FALSE,"Hopkinton",FALSE,FALSE,38,FALSE,0,"mixed","94",NA,"9","4"
"10C","010C","10C","BLANK","Single Family MDL",FALSE,FALSE,"Otis",FALSE,FALSE,17,FALSE,0,"mixed","10C",NA,"1","0"
"10R","010R","10R","BLANK","Two Family MDL",FALSE,FALSE,"Otis",FALSE,FALSE,14,FALSE,0,"mixed","10R",NA,"1","0"
"033","0338","0338","338","Other Motor Vehicles Sales and Services",FALSE,TRUE,"Otis",TRUE,TRUE,39,FALSE,0,"mixed","033",NA,"0","3"
"10C","010C","10C","BLANK","Two Family MDL",FALSE,FALSE,"Acton",FALSE,FALSE,14,FALSE,0,"mixed","10C",NA,"1","0"
"91","091","91","BLANK","COMM BLOCK",FALSE,FALSE,"Stoneham",FALSE,FALSE,10,FALSE,0,"mixed","91",NA,"9","1"
"93","093","93","BLANK","STORE",FALSE,FALSE,"Stoneham",FALSE,FALSE,5,FALSE,0,"mixed","93",NA,"9","3"
"800","0800","800","BLANK","RECREATION",FALSE,FALSE,"Leominster",FALSE,FALSE,10,FALSE,0,"mixed","800",NA,"8","0"
"011","0111","0111","111","Apartments with Four to Eight Units",FALSE,TRUE,"Westminster",FALSE,FALSE,35,FALSE,0,"mixed","011",NA,"0","1"
"011","0111","0111","111","Apartments with Four to Eight Units",FALSE,TRUE,"Tewksbury",FALSE,FALSE,35,FALSE,0,"mixed","011",NA,"0","1"
"32I","032I","32I","BLANK","STORE/SHOP  MDL-96",FALSE,FALSE,"West Springfield",FALSE,FALSE,18,FALSE,0,"mixed","32I",NA,"3","2"
"10I","010I","10I","BLANK","SINGLE FAM  MDL-96",FALSE,FALSE,"West Springfield",FALSE,FALSE,18,FALSE,0,"mixed","10I",NA,"1","0"
"10Z","010Z","10Z","BLANK","STORE/SHOP  MDL-94",FALSE,FALSE,"West Springfield",FALSE,FALSE,18,FALSE,0,"mixed","10Z",NA,"1","0"
"10V","010V","10V","BLANK","SINGLE FAM MDL R",FALSE,FALSE,"Chelmsford",FALSE,FALSE,16,FALSE,0,"mixed","10V",NA,"1","0"
"32A","032A","32A","BLANK","RESTAURANT MDL C",FALSE,FALSE,"Chelmsford",FALSE,FALSE,16,FALSE,0,"mixed","32A",NA,"3","2"
"32V","032V","32V","BLANK","STORE/SHOP MDL C",FALSE,FALSE,"Chelmsford",FALSE,FALSE,16,FALSE,0,"mixed","32V",NA,"3","2"
"35I","035I","35I","BLANK","FUNERAL HM MDL C",FALSE,FALSE,"Chelmsford",FALSE,FALSE,16,FALSE,0,"mixed","35I",NA,"3","5"
"722","0722","722","BLANK","NONPROWETLD",FALSE,FALSE,"Chelmsford",FALSE,FALSE,11,FALSE,0,"mixed","722",NA,"7","2"
"32I","032I","32I","BLANK","Store/Shop MDL - 96",FALSE,FALSE,"Attleboro",FALSE,FALSE,19,FALSE,0,"mixed","32I",NA,"3","2"
"33R","033R","33R","BLANK","Gas St SRV MDL - 01",FALSE,FALSE,"Attleboro",FALSE,FALSE,19,FALSE,0,"mixed","33R",NA,"3","3"
"94","094","94","BLANK","EX/COMM/IND",FALSE,FALSE,"Wakefield",FALSE,FALSE,11,FALSE,0,"mixed","94",NA,"9","4"
"32R","032R","32R","BLANK","STORE/SHOP  MDL-01",FALSE,FALSE,"Sharon",FALSE,FALSE,18,FALSE,0,"mixed","32R",NA,"3","2"
"011","0111","0111","111","Apartments with Four to Eight Units",FALSE,TRUE,"Woburn",FALSE,FALSE,35,FALSE,0,"mixed","011",NA,"0","1"
"32I","032I","32I","BLANK","STORE/SHOP MDL96",FALSE,FALSE,"Avon",FALSE,FALSE,16,FALSE,0,"mixed","32I",NA,"3","2"
"97","097","97","BLANK","Chapter Exempt Land",FALSE,FALSE,"Topsfield",FALSE,FALSE,19,FALSE,0,"mixed","97",NA,"9","7"
"93","093","93","BLANK","Exempt/Comm",FALSE,FALSE,"Burlington",FALSE,FALSE,11,FALSE,0,"mixed","93",NA,"9","3"
"91","091","91","BLANK","EXEMPT/RES",FALSE,FALSE,"Randolph",FALSE,FALSE,10,FALSE,0,"mixed","91",NA,"9","1"
"94","094","94","BLANK","Mass Highway Dept",FALSE,FALSE,"Randolph",FALSE,FALSE,17,FALSE,0,"mixed","94",NA,"9","4"
"91","091","91","BLANK","IMPUTED - Charitable",FALSE,FALSE,"Wendell",FALSE,FALSE,20,FALSE,0,"mixed","91",NA,"9","1"
"93","093","93","BLANK","EXEMPT/COMM",FALSE,FALSE,"Billerica",FALSE,FALSE,11,FALSE,0,"mixed","93",NA,"9","3"
"94","094","94","BLANK","EXEMPT/CELL ANT",FALSE,FALSE,"Billerica",FALSE,FALSE,15,FALSE,0,"mixed","94",NA,"9","4"
"91","091","91","BLANK","Exempt/Child Care Facility",FALSE,FALSE,"Billerica",FALSE,FALSE,26,FALSE,0,"mixed","91",NA,"9","1"
"800","0800","800","BLANK","IMPUTED - Recreational",FALSE,FALSE,"Granby",FALSE,FALSE,22,FALSE,0,"mixed","800",NA,"8","0"
"91","091","91","BLANK","Exempt/Residential",FALSE,FALSE,"Sudbury",FALSE,FALSE,18,FALSE,0,"mixed","91",NA,"9","1"
"011","0111","0111","111","Apartments with Four to Eight Units",FALSE,TRUE,"Dudley",FALSE,FALSE,35,FALSE,0,"mixed","011",NA,"0","1"
"120","0120","120","BLANK","RES/OPEN",FALSE,FALSE,"Dennis",FALSE,FALSE,8,FALSE,0,"mixed","120",NA,"1","2"
"11C","011C","11C","BLANK","Stores/Apt Com",FALSE,FALSE,"Somerville",FALSE,FALSE,14,FALSE,0,"mixed","11C",NA,"1","1"
"32R","032R","32R","BLANK","Two Family",FALSE,FALSE,"Somerville",FALSE,FALSE,10,FALSE,0,"mixed","32R",NA,"3","2"
"32C","032C","32C","BLANK","STORE/SHOP  MDL-94",FALSE,FALSE,"Holden",FALSE,FALSE,18,FALSE,0,"mixed","32C",NA,"3","2"
"10C","010C","10C","BLANK","Single Fam  MDL-94",FALSE,FALSE,"Holden",FALSE,FALSE,18,FALSE,0,"mixed","10C",NA,"1","0"
"11C","011C","11C","BLANK","APT 4-UNIT  MDL-94",FALSE,FALSE,"Mansfield",FALSE,FALSE,18,FALSE,0,"mixed","11C",NA,"1","1"
"32I","032I","32I","BLANK","STORE/SHOP  M-96",FALSE,FALSE,"Mansfield",FALSE,FALSE,16,FALSE,0,"mixed","32I",NA,"3","2"
"32V","032V","32V","BLANK","STORE/SHOP  M-00",FALSE,FALSE,"Mansfield",FALSE,FALSE,16,FALSE,0,"mixed","32V",NA,"3","2"
"12C","012C","12C","BLANK","APT OV 8 M94",FALSE,FALSE,"Mansfield",FALSE,FALSE,12,FALSE,0,"mixed","12C",NA,"1","2"
"32V","032V","32V","BLANK","Store/Shop Vac",FALSE,FALSE,"Amherst",FALSE,FALSE,14,FALSE,0,"mixed","32V",NA,"3","2"
"33I","033I","33I","BLANK","Auto Repr",FALSE,FALSE,"Amherst",FALSE,FALSE,9,FALSE,0,"mixed","33I",NA,"3","3"
"10C","010C","10C","BLANK","Two Family MDL-94",FALSE,FALSE,"Dedham",FALSE,FALSE,17,FALSE,0,"mixed","10C",NA,"1","0"
"11C","011C","11C","BLANK","APT 4 UNIT MDL-94",FALSE,FALSE,"Clinton",FALSE,FALSE,17,FALSE,0,"mixed","11C",NA,"1","1"
"11J","011J","11J","BLANK","APT OVER 8 MDL-94",FALSE,FALSE,"Clinton",FALSE,FALSE,17,FALSE,0,"mixed","11J",NA,"1","1"
"49","049","49","BLANK","Owned by town, part leased to private radio station",FALSE,FALSE,"Milford",FALSE,FALSE,51,FALSE,0,"mixed","49",NA,"4","9"
"93","093","93","BLANK","OFFICE-PRO",FALSE,FALSE,"Milford",FALSE,FALSE,10,FALSE,0,"mixed","93",NA,"9","3"
"94","094","94","BLANK","WAREHOUSE",FALSE,FALSE,"Milford",FALSE,FALSE,9,FALSE,0,"mixed","94",NA,"9","4"
"800","0800","800","BLANK","RECREATION",FALSE,FALSE,"Princeton",FALSE,FALSE,10,FALSE,0,"mixed","800",NA,"8","0"
"722","0722","722","BLANK","NONPRWETLD",FALSE,FALSE,"Norfolk",FALSE,FALSE,10,FALSE,0,"mixed","722",NA,"7","2"
"722","0722","722","BLANK","NONPRWETLD",FALSE,FALSE,"Grafton",FALSE,FALSE,10,FALSE,0,"mixed","722",NA,"7","2"
"93","093","93","BLANK","Office-General",FALSE,FALSE,"Brookline",FALSE,FALSE,14,FALSE,0,"mixed","93",NA,"9","3"
"011","0111","0111","111","IMPUTED - Apartments with Four to Eight Units",FALSE,TRUE,"Medford",FALSE,FALSE,45,FALSE,0,"mixed","011",NA,"0","1"
"011","0112","0112","112","IMPUTED - Apartments with More than Eight Units",FALSE,TRUE,"Medford",FALSE,FALSE,47,FALSE,0,"mixed","011",NA,"0","1"
"113","0113","113","BLANK","IMPUTED - Residential",FALSE,FALSE,"Medford",FALSE,FALSE,21,FALSE,0,"mixed","113",NA,"1","1"
"108","0108","108","BLANK","Res - 61B",FALSE,FALSE,"Hamilton",FALSE,FALSE,9,FALSE,0,"mixed","108",NA,"1","0"
"33G","033G","33G","BLANK","Commercial Garage",FALSE,FALSE,"Millis",FALSE,FALSE,17,TRUE,0,"mixed","33G",NA,"3","3"
"33J","033J","33J","BLANK","Job Shop",FALSE,FALSE,"Millis",FALSE,FALSE,8,FALSE,0,"mixed","33J",NA,"3","3"
"025","025","025","25","RC: ONE RES UNIT",FALSE,TRUE,"Boston",FALSE,FALSE,16,FALSE,0,"mixed","025",NA,"0","2"
"26","026","26","BLANK","RC: TWO RES UNITS",FALSE,FALSE,"Boston",FALSE,FALSE,17,FALSE,0,"mixed","26",NA,"2","6"
"27","027","27","BLANK","RC: THREE RES UNITS",FALSE,FALSE,"Boston",FALSE,FALSE,19,FALSE,0,"mixed","27",NA,"2","7"
"32R","032R","32R","BLANK","Store/Shop",FALSE,FALSE,"Mansfield",FALSE,FALSE,10,FALSE,0,"mixed","32R",NA,"3","2"
"10J","010J","10J","BLANK","Two Family M-94",FALSE,FALSE,"Walpole",FALSE,FALSE,15,FALSE,0,"mixed","10J",NA,"1","0"
"11C","011C","11C","BLANK","Apts 4-Unit M-9",FALSE,FALSE,"Walpole",FALSE,FALSE,15,FALSE,0,"mixed","11C",NA,"1","1"
"11J","011J","11J","BLANK","Apts Over 8 M-9",FALSE,FALSE,"Walpole",FALSE,FALSE,15,FALSE,0,"mixed","11J",NA,"1","1"
"32I","032I","32I","BLANK","STORE/SHOP M-96",FALSE,FALSE,"Walpole",FALSE,FALSE,15,FALSE,0,"mixed","32I",NA,"3","2"
"32R","032R","32R","BLANK","STORE/SHOP M-01",FALSE,FALSE,"Walpole",FALSE,FALSE,15,FALSE,0,"mixed","32R",NA,"3","2"
"10V","010V","10V","BLANK","Mobile Hom",FALSE,FALSE,"Auburn",FALSE,FALSE,10,FALSE,0,"mixed","10V",NA,"1","0"
"10C","010C","10C","BLANK","Single Fam  MDL-94",FALSE,FALSE,"Auburn",FALSE,FALSE,18,FALSE,0,"mixed","10C",NA,"1","0"
"011","0111","0111","111","Apartments with Four to Eight Units",FALSE,TRUE,"Kingston",FALSE,FALSE,35,FALSE,0,"mixed","011",NA,"0","1"
"033","0338","0338","338","Other Motor Vehicles Sales and Services",FALSE,TRUE,"Kingston",TRUE,TRUE,39,FALSE,0,"mixed","033",NA,"0","3"
"10C","010C","10C","BLANK","Single Family M94",FALSE,FALSE,"Nantucket",FALSE,FALSE,17,FALSE,0,"mixed","10C",NA,"1","0"
"10K","010K","10K","BLANK","Multiple Houses M96",FALSE,FALSE,"Nantucket",FALSE,FALSE,19,FALSE,0,"mixed","10K",NA,"1","0"
"12O","012O","12O","BLANK","Condo Dorm M06",FALSE,FALSE,"Nantucket",FALSE,FALSE,14,FALSE,0,"mixed","12O",NA,"1","2"
"320","0320","320","BLANK","Municiplal Condo M06",FALSE,FALSE,"Nantucket",FALSE,FALSE,20,FALSE,0,"mixed","320",NA,"3","2"
"32C","032C","32C","BLANK","Restaurant/Club M94",FALSE,FALSE,"Nantucket",FALSE,FALSE,19,FALSE,0,"mixed","32C",NA,"3","2"
"32I","032I","32I","BLANK","Store/Shop M96",FALSE,FALSE,"Nantucket",FALSE,FALSE,14,FALSE,0,"mixed","32I",NA,"3","2"
"32R","032R","32R","BLANK","Store/Shop M01",FALSE,FALSE,"Nantucket",FALSE,FALSE,14,FALSE,0,"mixed","32R",NA,"3","2"
"33I","033I","33I","BLANK","Auto Repair M96",FALSE,FALSE,"Nantucket",FALSE,FALSE,15,FALSE,0,"mixed","33I",NA,"3","3"
"011","0111","0111","111","Apartments with Four to Eight Units",FALSE,TRUE,"Templeton",FALSE,FALSE,35,FALSE,0,"mixed","011",NA,"0","1"
"033","0330","0330","330","Fuel Service Areas - providing only fuel products",FALSE,TRUE,"Templeton",FALSE,FALSE,49,FALSE,0,"mixed","033",NA,"0","3"
"033","0331","0331","331","Automotive Supplies Sales and Service",FALSE,TRUE,"Templeton",FALSE,FALSE,37,FALSE,0,"mixed","033",NA,"0","3"
"011","0111","0111","111","Apartments with Four to Eight Units",FALSE,TRUE,"Plainville",FALSE,FALSE,35,FALSE,0,"mixed","011",NA,"0","1"
"10C","010C","10C","BLANK","Office Bldg",FALSE,FALSE,"Westfield",FALSE,FALSE,11,FALSE,0,"mixed","10C",NA,"1","0"
"10J","010J","10J","BLANK","Stores/Apt Com",FALSE,FALSE,"Westfield",FALSE,FALSE,14,FALSE,0,"mixed","10J",NA,"1","0"
"10R","010R","10R","BLANK","Colonial",FALSE,FALSE,"Westfield",FALSE,FALSE,8,FALSE,0,"mixed","10R",NA,"1","0"
"11C","011C","11C","BLANK","Apartment GD",FALSE,FALSE,"Westfield",FALSE,FALSE,12,FALSE,0,"mixed","11C",NA,"1","1"
"11I","011I","11I","BLANK","Store",FALSE,FALSE,"Westfield",FALSE,FALSE,5,FALSE,0,"mixed","11I",NA,"1","1"
"32I","032I","32I","BLANK","Store",FALSE,FALSE,"Westfield",FALSE,FALSE,5,FALSE,0,"mixed","32I",NA,"3","2"
"32R","032R","32R","BLANK","Cape Cod",FALSE,FALSE,"Westfield",FALSE,FALSE,8,FALSE,0,"mixed","32R",NA,"3","2"
"33R","033R","33R","BLANK","Cape Cod",FALSE,FALSE,"Westfield",FALSE,FALSE,8,FALSE,0,"mixed","33R",NA,"3","3"
"011","0111","0111","111","Apartments with Four to Eight Units",FALSE,TRUE,"Stockbridge",FALSE,FALSE,35,FALSE,0,"mixed","011",NA,"0","1"
"10C","010C","10C","BLANK","IMPUTED - Single Family",FALSE,FALSE,"Stockbridge",FALSE,FALSE,23,FALSE,0,"mixed","10C",NA,"1","0"
"11C","011C","11C","BLANK","IMPUTED - Apartment",FALSE,FALSE,"Stockbridge",FALSE,FALSE,19,FALSE,0,"mixed","11C",NA,"1","1"
"39","039","39","BLANK","Hospital",FALSE,FALSE,"Everett",FALSE,FALSE,8,FALSE,0,"mixed","39",NA,"3","9"
"490","0490","490","BLANK","Industrial Exemption",FALSE,FALSE,"Holyoke",FALSE,FALSE,20,FALSE,0,"mixed","490",NA,"4","9"
"93","093","93","BLANK","Exempt/Commercial.",FALSE,FALSE,"Stoughton",FALSE,FALSE,18,FALSE,0,"mixed","93",NA,"9","3"
"39","039","39","BLANK","Commercial Exempt",FALSE,FALSE,"Revere",FALSE,FALSE,17,FALSE,0,"mixed","39",NA,"3","9"
"91","091","91","BLANK","MOSTLY EXEMPT - PORTION TAXABLE",FALSE,FALSE,"Ipswich",FALSE,FALSE,31,FALSE,0,"mixed","91",NA,"9","1"
"10C","010C","10C","BLANK","SINGLE FAM M94",FALSE,FALSE,"Taunton",FALSE,FALSE,14,FALSE,0,"mixed","10C",NA,"1","0"
"10J","010J","10J","BLANK","TWO FAMILY M94",FALSE,FALSE,"Taunton",FALSE,FALSE,14,FALSE,0,"mixed","10J",NA,"1","0"
"10Z","010Z","10Z","BLANK","THREE FAM M94",FALSE,FALSE,"Taunton",FALSE,FALSE,13,FALSE,0,"mixed","10Z",NA,"1","0"
"11C","011C","11C","BLANK","APT 4-8 UNIT M94",FALSE,FALSE,"Taunton",FALSE,FALSE,16,FALSE,0,"mixed","11C",NA,"1","1"
"32I","032I","32I","BLANK","STORES/SHOP M96",FALSE,FALSE,"Taunton",FALSE,FALSE,15,FALSE,0,"mixed","32I",NA,"3","2"
"93","093","93","BLANK","Municipal",FALSE,FALSE,"Winchester",FALSE,FALSE,9,FALSE,0,"mixed","93",NA,"9","3"
"32I","032I","32I","BLANK","STORE/SHOP M96",FALSE,FALSE,"Yarmouth",FALSE,FALSE,14,FALSE,0,"mixed","32I",NA,"3","2"
"11C","011C","11C","BLANK","APT 4-UNIT MDL9",FALSE,FALSE,"Yarmouth",FALSE,FALSE,15,FALSE,0,"mixed","11C",NA,"1","1"
"39","039","39","BLANK","Exempt",FALSE,FALSE,"Buckland",FALSE,FALSE,6,FALSE,0,"mixed","39",NA,"3","9"
"93","093","93","BLANK","Charitable Services (Private)",FALSE,FALSE,"Melrose",FALSE,FALSE,29,FALSE,0,"mixed","93",NA,"9","3"
